text,tone
"18. 09. 2004, 04. 42 СЯНГАН/ ГОНКОНГ/, 18 сентября. / Корр. ИТАР-ТАСС Андрей Бычков/. 78-летний китайский лидер Цзян Цзэминь подал прошение об отставке с поста председателя Центрального военного совета/ ЦВС/ КНР на проходящем в Пекине пленуме ЦК компартии Китая. Об этом сообщает сегодня из китайской столицы издающаяся в Сянгане информированная газета "" Саут Чайна морнинг пост "", ссылаясь на китайские источники. Решение членов ЦК КПК на этот счет ожидается в предстоящее воскресенье — в последний день работы пленума. Тогда же произойдет утверждение на посту председателя ЦВС председателя КНР и генерального секретаря ЦК КПК 61-летнего Ху Цзиньтао. [Андрей Бычков. Китайский лидер Цзян Цзэминь уходит в отставку // ИТАР-ТАСС, 2004.09.18]",0
"Таков был лейтмотив недавней пресс-конференции главного военного прокурора Александра Савенкова. Ответы на самые острые вопросы, которые больше всего волнуют наших читателей в преддверии осеннего призыва, главный военный законник страны дал "" МК "" в эксклюзивном порядке. Из досье "" МК "": Большой скандал разразился нынешней зимой в Магадане, когда на аэродроме были заморожены полторы сотни солдат-пограничников. Один из призывников, Владимир Березин, скончался в больнице. -Это дело мы уже направили в суд, — говорит Александр Савенков. — Там к уголовной ответственности привлечен и. о. начальника Магаданского погранотряда подполковник Кострюков. Ему предъявлено обвинение в нарушении санитарно-эпидемиологических правил и халатности, повлекшей смерть призывника. [Марина Гриднева. За взятку - сажать! // «Московский комсомолец» в Нижнем Новгороде, 2004.07.30]",0
"Я часто пишу о том, что выступаю против курения. Но сегодня даже день специальный! Вот губернатор Пензенской области вообще решил увольнять курящих чиновников. И я не считаю это дискриминацией. Если посчитать меру Василия Бочкарева дискриминацией, тогда и наркоторговцев ущемляют в праве продавать людям отраву и получать от нее удовольствие. В Госдуме тоже пытаются бороться с курением, отвели для этого специальные места, однако сами же депутаты Госдумы, которые должны подавать всем пример (и я в этом полностью согласен с губернатором Пензенской области), постоянно нарушают правила и продолжают курить везде, как и курили. Россия – самая курящая страна в мире, в которой самые низкие цены на табак. Я давно выступаю за увеличение стоимости продажи сигарет и за строгое ограничение мест курения. [Форум: Всемирный день отказа от курения (2011)]",2
"Согласитесь, что салат — это такое блюдо, которое достойно совершенно отдельного обсуждения и особого внимания. ) Салат — это и самостоятельное блюдо, и «затравка» перед вкусным обедом. Зачастую умение хозяйки готовить оценивается по тому разнообразию и вкусности салатов, предваряющих горячее на праздничном столе. Предлагаю делиться рецептами салатов — простых и сложных, овощных, рыбных, мясных — любых, главное – ВКУСНЫХ. [Форум: Салаты (2011)]",1
"Данная статья получилась достаточно критичной в отношении Михаила Прохорова не в силу предвзятости меня как автора, но ввиду неубедительности приведенных выше аргументаций Михаила Прохорова, по вопросу необходимости увеличения рабочего времени до 60 часов в неделю. Дмитрий, Вы понимаете, что государство все свои обязанности взвалило на плечи бизнеса. И потихоньку старается его обокрасть. И то, что предлагает Михаил Дмитриевич, — это довольно-таки лучшее, что можно было предложить и для работников и для бизнеса. А вот теперь здесь почитайте, подумайте: 9 изменений Гражданского кодекса, которые затруднят ведение бизнеса. [Форум: 12 часов в день? Не могу согласиться с М. Прохоровым (2010-2011)]",2
"Желтых шоссейных фонарей хочется. Ползучих теней в опустевших аллеях хочется. Пространства жуткого хочется, тишины волшебной. Я мечтал в детстве о велике, но моя мама мне велик не покупала оттого, что была убеждена, будто на велике я непременно попаду под машину. Позже я понял, что речь шла не о безопасности, а о наших малых жилплощадях. Понял напрасно, потому что это ничего не меняло, и я все равно был вынужден брать на время велик у своего одноклассника. Как же я был счастливо волен на потрепанной «Десне», преодолевая путь от станции метро «Войковская» до Красной площади! [Форум: Горный двухподвесочный (2010)]",1
"Буквально на минутку заскочил на блог, чтобы поделиться свежими эмоциями от похода на любопытное представление. На днях я в компании друзей отправился в цирк! Очень давно не был в цирке — по-моему, даже в детстве ходил туда только один раз. Я был хоть и маленьким, но ответственным футболистом, слишком уж много времени отнимали тренировки) Запомнились из того похода разве что медведи и клоуны — давненько дело было уже) Цирк, в котором я побывал на этот раз, оказался не совсем обычным. Шоу проходило в «Лужниках» и называлось «Цирк дю Солей». Программа поразила своим размахом. Я не специалист в этой области, но могу сказать, что это современная, совершенно новая и свежая интерпретация циркового искусства, хотя персонажи вроде бы все те же — акробаты, гимнасты, клоуны... [Форум: Поход в цирк (2010)]",1
"Раз двадцать уже смотрела. И еще смотреть буду. А ведь фильм-то не новый (снят уже 15 лет назад), но смотрится всегда с удовольствием, всегда с каким-то трепетом в душе. Думаю, это от того, что он очень теплый, душевный, дающий надежду на лучшее. Смотришь его и хочется верить, что и правда все будет хорошо у всех героев фильма, что каждый найдет свое счастье. Но на что надеяться людям, живущим в обшарпанном, ветхом общежитии на краю провинциального городка, работающим на заводе? Вроде и не на что. [Форум: комментарии к фильму «Все будет хорошо» (2008-2011)]",1
"Блэйд (Blade) 1998 Режиссер: Стивен Норрингтон Сценарий: Дэвид С. Гойер В ролях: Уэсли Снайпс, Стивен Дорфф, Крис Кристофферсон, Н'Буш Райт, Донал Лог, Удо Кир Imdb. Кинопоиск. Сюжет: Получеловек-полувампир Блэйд намерен уничтожить виновника своей судьбы — Дьякона Фроста. Когда-то в кровь Блэйда попало совсем немного вампирского яда, но с течением времени он стал ощущать неизбежность своего превращения. Желая избавить людей от тайной и могущественной армии вампиров, заполонившей общество, он отправляется на решающий бой... Первая часть, самая сочная и самая любимая. Стивен Норингтон слепил невероятно качественную картину и дал жизнь целому франчайзу. [Форум: Блэйд (трилогия) Blade (2008-2010)]",1
"А, с беляево Ну. . мне где-то минут 50 добираться... Так! Чуть не забыл! паспорт не забудь! Да. помню) Ты говорил) [Переписка в icq между agd-ardin и Колючий друг (25.01.2008)]",1
"В. Куйбышев. Итоги двух лет пятилетки (Сообщение, данное заместителем председателя Совнаркома СССР и председателем Госплана СССР тов. В. Куйбышевым американскому телеграфному агентству «Ассошиэйтед пресс») К 1 октября закончен второй год пятилетки, — той самой пятилетки, которая взволновала умы всего мира, по поводу которой на страницах прессы всего мира велась и ведется до сих пор ожесточеннейшая дискуссия. Кто не помнит утверждений, выдвигавшихся крупнейшими буржуазными экономистами и политиками, что проектировки пятилетнего плана нереальны, утопичны, фантастичны. Кто не помнит заявлений, что проектировка пятилетнего плана — очередной большевистский бред. [В. Куйбышев. Итоги двух лет пятилетки (1930) // «Известия», 04.12.1930]",2
"неизвестный. Вести Ростов-на-Дону, 20 мая. Девица Приворова, брошенная возлюбленным молоденьким музыкантом Овсянниковым, в ресторане городского сада залила лицо последнего серной кислотой, а сама отравилась. *** Нахичевань, 20 мая. Черкасский мировой суд за избиение на улице девицы Аннаджиевой приговорил городского голову Балабанова к двухнедельному аресту. [Вести (03.06.1904) // «Новое время», 1904]",2
"-Петербургского телеграфного агентства». Убийства, нападения, грабежи Благовещенск, 22, XII. В два часа дня на лестнице вестибюля Сибирского торгового банка тремя злоумышленниками совершено вооруженное нападение на кассира торгового дома Чурин и Ко, возвращавшегося из банка после сдачи денег. Кассир ранен из «браунинга». Из преследуемых уличной толпой злоумышленников двое задержаны, третий скрылся. Толпа, пытаясь расправиться самосудом, сильно избила одного. [От «С.-Петербургского телеграфного агентства». Убийства, нападения, грабежи (05.01.1908) // «Русское слово», 1908]",2
"9 апреля. Среда. М. приехал с о. Даманского. Порассказал, как мы были готовы к этой войне. Не знали, куда себя деть. Один боекомплект на заставах, ребята с трупов своих товарищей собирали патроны, башни танков позаклинило, а пузатые генералы, налетевшие на ордена, требуют с подполковника, только что вылезшего из 18-часового боя: «Вы бы хоть побрились!» В литературе... собрались Г. Марков, Косолапов, Воронков, Озеров и вчетвером решили вывести из редсовета «Роман-газеты» Горбачева, Федорова, Сартакова и т.п., а ввести Березко, Бондарева, Бакланова, Нилина, Мальцева, Рыбакова. Все дерьмо, что за 10 — 15 лет накопилось — поплывет. [В. А. Чивилихин. Дневники, письма (1969)]",2
"Взрыв в Архангельске. От морского главного штаба. Морской главный штаб сообщает, что в час пополудни 26-го сено октября: в Архангельске произошел взрыв на пароходе «Барон Дризен», имевшем грузы боевых припасов и стоявшем у пристани Бакарицы. От взрыва рухнули некоторые из соседних жилых бараков, и начался пожар построек и части находившегося на берету груза, при чем было разрушено пожарное депо, и погиб обоз вместе с командой. Несмотря на это, пожар, благодаря энергично принятым мерам, удалось прекратить к вечеру того же дня. Во время катастрофы погиб пароход «Барон Дризен», и поврежден стоявший рядом другой пароход «Эрл-оф-Фарфор». Броме того, были повреждены некоторые портовые средства. [Взрыв в Архангельске (12.11.1916) // газета «Русское слово», 1916]",2
"WWW.SELNOV.RU SN@SELNOV.RU Существуют ли в период летних каникул льготы по проезду на железнодорожном транспорте для студентов-северян, обучающихся за пределами Крайнего Севера? «Мы живем на Севере 30 лет. 1 раз в 2 года нам положен бесплатный проезд, например на меня и на одного члена семьи до исполнения совершеннолетия. Мой сын — студент Самарского университета, и ему уже больше 18 лет. Летом он хочет приехать домой, но на билет туда и обратно нужно очень много денег. Может быть, в летние каникулы для студентов из числа северян законом предусмотрены льготы на проезд до места постоянного проживания и обратно?» Катранжи Е.И. Камчатская область [Правовая «неотложка» (2003) // «Сельская новь», 16.12.2003]",0
"Залитый солнцем ялтинский пляж. Июль 1981 года выдался, как всегда, безоблачным и теплым. На ярко-желтом надувном матраце с черными рыбками по всему полю весело плещется в бирюзовой воде моря пятилетняя Таня. Родители девочки только что искупались и, судя по разговору, собираются в город. «У мамы сегодня день рождения, — выдает мне семейный секрет словоохотливая Таня, — она хочет сделать красивую прическу. А папа едет за цветами. К вечеру они вернутся, и мы пойдем в кафе-мороженое». [Виталий 3асеев. Солнце, воздух, вода… // «Огонек», 1981]",1
"Н. Дьяконов (?). Производство в офицеры в 1858 году Школа гвардейских подпрапорщиков и юнкеров. 1858 год В мае месяце 1858 года воспитанники военно-учебных заведений готовились к царскому смотру, образуя из себя отряд, командование которым было вверено директору 2-го кадетского корпуса генералу Степанову. Отряд состоял из 6 батальонов, батареи Михайловского артиллерийского училища и эскадрона Школы кавалерийских юнкеров. [Н. Дьяконов (?). Производство в офицеры в 1858 году (1909)]",0
"О рассуждениях (*) (*) Из того же журнала. Под именем Рассуждения мы разумеем такое отдельное сочинение, в котором тщательно рассматривается одна какая-нибудь часть художества изящного, или просто искусства, или же науки. Если кто по одному предмету написал столько рассуждений, сколько находится в оном частей главных; если каждое из упомянутых рассуждений имеет величину, соответствующую своему содержанию, и если на конец все они соединены между собою связью хорошей методы: тогда в сочинении находим полный трактат о науке или об искусстве. Таким образом каждая глава у Локка, в книге О разуме человеческом, или у Шарона, в книге О нравственности, может почитаться за рассуждение. Предметом рассуждения может быть одно искусство, одна из добродетелей, одно из преступлений, одна часть законодательства, один червь, мотылек, травка; но, поднося как бы под микроскоп вещь одну и притом очень малую, мы должны обозреть ее со всех сторон, и тщательно заметить все ее части. [S. A.. О рассуждениях // «Вестник Европы», 1825]",0
"Эдуард Володарский, Владимир Досталь, Николай Досталь Штрафбат. 2004 г. Негативные явления, происходящие сейчас в России, не обошли и средства массовой информации, в том числе телевидение. Здесь прослеживается характерная тенденция: на фоне качественного роста технических возможностей съемки и монтажа, насыщения картин спецэффектами и т.п. наблюдается резкое падение уровня конечной продукции. Редкие исключения лишь подтверждают печальное правило. Основными причинами этого представляется отсутствие серьезного контроля за качеством фильмов, сериалов и программ, в том числе исторической тематики. [C. Прищепа, Г. Плоткин. Рецензия // «Сержант», 2005]",2
"Cеманов С. Н. Дневник 1 — 31 января. Переделкино. — В Закавказье — ужас, но хуже всего, что правители не имеют никаких политических предложений, а только уговаривать или вводить военных. Мера последняя крайне плоха: почему там гибнут наши дети, за что?! И верно: армяне и турки подрались, пусть сами и разбираются, тем паче никто там не просит русских войск. А надо — вообще отделить Закавказье, передав его в ООН, а прежде всего — вывести войска, включая и пограничников. [С. Н. Cеманов. Дневник (1990) // Дневник 1990 года // НЛО. 2007, №84., 2004]",2
"Император Александр I. Манифест о присоединении Финляндии. 5 (17) июня 1808 года Божиею милостью, Мы Александр первый Император и Самодержец Всероссийский, и проч., и проч., и проч. Нам верноподданным обывателям новоприсоединенной Финляндии всякого чина и состояния. По непреложным судьбам Вышнего, благословляющего оружие Наше, присоединив навсегда Финляндию к России, с удовольствием Мы зрели торжественные обеты, обывателями сего края принесенные на верное и вечное их Скипетру Российскому подданство. Вместе с сим восприяли Мы на себя священную обязанность хранить сие достояние, промыслом Нами врученное, во всей его незыблемости и в непременном и вечном с Россиею единстве. [Александр I. Манифест о присоединении Финляндии (1808)]",0
"Moлoтов В.М.. Речь тов. В.М. Moлoтова об образовании правительства СССР (Когда председательствующий предоставляет слово товарищу Молотову. все присутствующие в зале встают, бурно аплодируют. Аплодисменты переходят в овацию, овация длится несколько минут. Несутся возгласы с мест: «Ближайшему соратнику товарища Сталина — товарищу Молотову — Ура!». Бурные аплодисменты, возгласы «Ура!»). Товарищи депутаты! [В. М. Moлoтов. Речь тов. В. М. Moлoтова об образовании правительства СССР (20.01.1938) // «Советское искусство» Орган Всесоюзного комитета по делам Искусств при Совнаркоме Союза ССР № 7 (413), 1938]",1
"Xаликов А.. Галиаскар Камал. К 60-летию со дня рождения На днях общественность Татарской АССР отмечала шестидесятилетие со дня рождения выдающегося писателя-драматурга Галиаскара Камала Татарский народ глубоко чтит память умершего в 1933 году Галиаскара Камала, так много сделавшего для развития татарской культуры. Его по праву называют отцом татарской драматургии. Нет татарского театра или самодеятельного драматического кружка, не ставившего драм, комедий или инсценировок Г. Камала. Его пьесы, остро высмеивающие капиталистическое общество, шарлатанство и ханжество реакционного духовенства и в то же время славящие благородство, мужество, ум человека, до сих пор не сходят со сцены. [А. Xаликов. Галиаскар Камал. К 60-летию со дня рождения (20.01.1939) // «Советское искусство». № 10 (590), 1939]",1
"Чичерин A.Н.|Сельвинский Э.Л.. Клятвенная конструкция конструктивистов-поэтов Человеку свойственно развиваться — «духовно» расти. Рост его (жизненный опыт) кристаллизуется в зародыши индивидуальных творческих схем. Схемы эти объективируются (организуются) в том или ином материале потенциальным давлением (паром внутренним); значит: «содержание» человеков, естественное и различное, — толчок к материализации, материализация же зависит от объективных законов материала и произвола формовщика. Вот почему мы говорим только о «форме» из кусков скованных схем — кристаллов опыта-роста, — искусстве. Потенциальный схематический сгусток — эмбрион «содержания» — в силу основного закона человеческой психики — экономии сил, в каждом отдельном случае своего оформления требует себе соответствующих, и материалу, в котором организуется он, свойственных, закономерных приемов. [A. Н. Чичерин, И. Л. Сельвинский. Клятвенная конструкция конструктивистов-поэтов (1922-1923)]",0
"Здесь прослеживается характерная тенденция: на фоне качественного роста технических возможностей съемки и монтажа, насыщения картин спецэффектами и т.п. наблюдается резкое падение уровня конечной продукции. Редкие исключения лишь подтверждают печальное правило. Основными причинами этого представляется отсутствие серьезного контроля за качеством фильмов, сериалов и программ, в том числе исторической тематики. Яркой иллюстрацией к вышесказанному является сериал «Штрафбат», показанный в 2004 г. каналом «Россия». Привлечение к съемкам в фильме известных актеров и широкомасштабная рекламная кампания неизбежно должны были привести создателей сериала к профессиональному и коммерческому успеху. Надо сказать сразу, что эта задача была реализована — большинству зрителей игра актеров и сюжетная линия понравились. Однако многим, в том числе и авторам данной рецензии, просмотр не доставил никакого удовольствия, так как фильм — откровенная историко-героическая халтура с колоссальным количеством фактических ошибок. [C. Прищепа, Г. Плоткин. Рецензия // «Сержант», 2005]",2
"15 февраля. Ну, на приемной в Союз писателей я прошел тютелька в тютельку: + 18 — 4 ± 5, надо ведь 2/3, как при защите докторской. Из восьми шестерых завалили, в том числе два известных — Мих. Раскатов и Крейн, директор Пушкинского музея, за него очень хлопотали Алигер и Данин. Обо мне очень ловко доложил Кожинов, затем Данин зачитал отрывок из сборника о разрушителях Москвы (не очень удачно было), а потом защищал Татлина и меня бранил. Конец хороший, ибо иной породил бы непременно сплетни и пересуды. Ю. Чурбанов на прошлой неделе стал 1-м замом Щелокова. [С. Н. Cеманов. Дневник (1980) // Из нашей борьбы // Наш современник. 2004. №1., 2004]",2
"*** Оглядываясь назад, хотя не стоит оглядываться, иначе тень может исчезнуть или окаменеть, можно найти шатучий асфальт квадратного города и солнечную тень своих ботинок в выпадающем один раз в жизни воспоминании. А если двигаться спиною вперед — есть во многих городах такие люди, в том числе и в нашем, кажется, был, особенно на светофорах было это можно наблюдать, и не раз, — то можно увидеть бездонную тень Квадратного города. Для этого не обязательно прыгать в колодец двора, пытаясь вызубрить стихи Ходасевича. В Квадратном городе есть уголки, милые сердцу, о которых говорится, что в них действительно находится постоянство вчерашнего дня. Подождать, когда наступит вчера, поется в песне Тома Вейтса. Ты должен подождать, когда наступит вчера, а, глядь, оно и не уходило никогда со двора. [Виктор Iванiв. Петли шарфа // «Волга», 2013]",0
"Недавно мы отмечали событие в семье Андрюшиного дублера. Шутка ли, его маленькая Валюта подарила «Дублеру» первенца. Сбылась мечта наших молодоженов — у них родился сын. Весь день сияющие мать и отец принимали бесчисленные поздравления и подарки. Счастливый отец был на седьмом небе (ведь он космонавт!) и весело подтрунивал над своими женатыми друзьями. Получилось у него очень здорово: у Юрия — две дочери, у Паши — тоже дочка, даже некоторые наши преподаватели растят только дочек. Задор «Дублера» объяснялся очень просто. [K.. Дневник космонавта К. // Дневник космонавта К. Смена. № 868, Июль 1963]",1
"Десять тысяч литров с гектара В то время, когда казалось, будто нефти на Земле — моря разливанные, и в голову не приходило сеять или сажать что-либо растительное ради топлива. Ну разве (в какой-то мере) деревья. Но что такое дровяные печи по сравнению с прожорливыми aвтомобилями? Теперь иное дело, другой подход: сколько бы ни оставалось нефти в недрах, рано или поздно она иссякнет, а плоды, листья, початки и корнеплоды можно выращивать вновь и вновь, год за годом. Правда, нужна пахотная земля и нужен труд, но ничто не даете задаром... И вот уже в разных странах объявляются программы по замене хотя бы части бензина топливом растительного происхождения, обычно спиртом (этиловым или метиловым), полученным микробиологическим путем. [Г. Mapков. Десять тысяч литров с гектара // «Химия и жизнь», 1982]",0
"Как и ожидалось. Торжественный ввод в эксплуатацию набережной после ремонта в несколько сотен миллионов рублей из городского бюджета. Фото сделано 15 октября 2013 года. И самое удивительное — всем пофигу! Город чего-то бормочет про штрафные санкции. Как буд-то они когда-то с кого-то их взыскивали. Подрядчику, хоть ссы в глаза — все божья роса! Может хоть депутаты что-то скажут на очередной пленарке. Но никому не стыдно, вот что удивительно. [Андрей Агишев agishev. Записи в Живом Журнале // 2013]",2
"Газета «Вечерний противогаз» О деплойменте на винде В журнале у уважаемого vitus_wagner обсуждалась тема о некоторых возможностях администрирования винды, о которых мало известно. Что лично меня люто бешено бесед — это вопрос восстановления эталонных конфигураций. Например, у меня целые папки различных скриптов под винду, которые правят системные политики, реестр и т.п. Я трачу время на вынос этого дела в вид скриптов ради одной цели: чтобы я потом не приходя в сознание мог за 5 минут довести любую систему до нужного мне результата не прикасаясь к мыши и не делая безумных телодвижений. В винде с этим, я считаю, наибольшие проблемы. [belnetmon. Записи в Живом Журнале // 2013]",2
"Священник Константин Корепанов 1968. К вопросу о богословском содержании понятия «святость» в Священном Писании Ветхого Завета Каким образом в Ветхом Завете могли возникнуть такие высокие представления о Боге и человеке, и каким образом могли быть осуществлены заповеди, какой силой? Могла ли существовать ветхозаветная святость? Анализируя свидетельство о святости в контексте Книги Левит и соотнося это с новозаветными писаниями, автор приходит к выводу, что святость была доступна и ветхозаветному человеку, и ключевым понятием, которое объясняет эту возможность, является библейское понимание веры. [cвященник Константин Корепанов. К вопросу о богословском содержании понятия «святость» в Священном Писании Ветхого Завета // «Церковь богословие история», 2020]",0
"Пионеры горячо отнеслись к своему новому товарищу, накормили, одели, отмыли от грязи, провели беседу, в которой посвятили его в свою жизнь, в свои задачи. Безпризорный малыш, в свою очередь, поделился с пионерами рассказами о своей тяжелой жизни. Беспризорный неграмотен. Пионеры решили в короткое время обучить его грамоте, заняться его воспитанием. Хороший пример показали подольские пионеры!.. [А. А. Беспризорный ― Юный ленинец! // «Юные строители», 1924]",1
"Сев бригада должна провести в течение 15 дней. Рабочая программа разбита на три пятидневки. Установлены твердые нормы выработки и расценки. Так, двухлемешный плуг за день должен пахать не меньше 1,8 га, однолемешный — 1 га, бороньба — 1,75 га на борону. Колхозники бригады тов. Савенкова тщательно изучили и усвоили нормы и расценки. Они знают, кто на какой лошади и где будет работать. Лошади разбиты на группы и в соответствии с их силой закреплены часть к плугам, часть к сеялкам и часть к боронам. [С. А. Так надо работать (22.04.1931) // «Казакстанская правда», 1931]",0
"— Александр Архангельский Дискуссии о том, как учить детей литературе, идут не первый десяток лет. «Дети не читают и сидят с гаджетами», «нужно полностью изменить учебную программу», разговоры о вредных и полезных книгах и вообще месте чтения в нашей жизни. Писатель, телеведущий и литературный критик и автор школьного учебника по литературе Александр Архангельский считает, что современных книг в школе недопустимо мало, мы не используем новые технологии в обучении так, как это стоило бы сделать. О том, как заинтересовать детей и подростков чтением, о запрещенных книгах и пропаганде — в интервью «Правмиру». — Как сегодня люди читают? Мы помним знаменитую фразу «СССР — самая читающая страна в мире». [А. А. Архангельский, А. А. Данилова. В чем проблемы преподавания литературы в школе?-Александр Архангельский (2016.04) // 2016]",0
"В моих воспоминаниях я буду называть поэта по имени — Колей, как я его всегда называла. Будучи замужем за старшим братом поэта, Дмитрием Степановичем, я прожила в семье Гумилевых двенадцать лет. Жила я в дорогой мне семье моего мужа с моей свекровью Анной Ивановной Гумилевой, рожденной Львовой, с золовкой Александрой Степановной Гумилевой, по мужу Сверчковой, с ее детьми Колей и Марией и один год — с деверем, Степаном Яковлевичем Гумилевым. Мои воспоминания не являются литературным произведением, я просто хочу рассказать все, что знаю о поэте и его семье. Главное, конечно, о нем, о яркой, незаурядной и интересной личности, какой был Н. С. Гумилев. Впервые я познакомилась с поэтом в 1909 году. Я поехала с моим отцом в Царское Село представиться семье моего жениха. [А. А. Гумилева (Фрейганг). Николай Степанович Гумилев (1950-1956)]",0
"Ключевые слова: вера, сщмч. Серафим (Звездинский), церковно-государственные отношения, советская власть, гонения. Революционные события 1917 г. в России затронули все стороны жизни и повлекли за собой коренной переворот в отношениях между Церковью и государством. Советская власть всеми силами старалась развалить само устройство церковного управления, оказывая на него колоссальное давление и провоцируя внутрицерковные разногласия и расколы. Действительно, довоенное время отличалось церковно-политическими разногласиями между иерархами, столкновением разных подходов по отношению к советской власти, что привело в том числе и к появлению зарубежников, обновленцев, григорианцев и прочих. После смерти Патриарха Тихона в условиях арестов и ссылок появляются некоторые архиереи, которые на богослужениях перестают поминать митр. Сергия (Страгородского), назначенного Патриаршим местоблюстителем митр. [А. А. Денисов, диакон Александр Фартушняк. Подвиг веры священномученика Серафима (Звездинского) в эпоху гонений со стороны Советской власти // «Церковь богословие история», 2020]",0
"А. Беляков, А.Ф. Безуглов. Не нужно мстить погибшим За фактом Живые знают, что умрут, а мертвые ничего не знают, и уже нет им воздаяния, потому что и память о них предана забвению; и любовь их и ненависть их и ревность их уже исчезли, и нет им более части во веки ни в чем, что делается под солнцем. Екклезиаст, 9: 5 — 6. «...В Москве создан Международный неправительственный благотворительный фонд «Вечная память солдатам», целью которого является оказание помощи всем страждущим участникам второй мировой войны, сооружение памятных мемориалов всем погибшим на территории СССР и других стран солдатам, увековечивание их имен, преодоление идеологических и политических последствий второй мировой войны. [А. Беляков, А. Ф. Безуглов. Не нужно мстить погибшим // «Пульс», 1990]",0
"Бобович А., Короткова З. О чём рассказывает банкнота В январском номере журнала за 2008 год рассказано об изображениях на самой крупной — пятитысячной рублёвой денежной купюре. Следующая купюра, тысячерублёвая, знакомит нас с Ярославлем, городом, который в 2010 году отметит 1000-летие. Основал город ростовский князь Ярослав, прозванный впоследствии Мудрым. По преданию, он пришёл со своей дружиной к месту впадения реки Которосль в Волгу и встретился с медведем, считавшимся у местных жителей священным. [А. Бобович, З. Короткова. О чём рассказывает банкнота // «Наука и жизнь», 2008]",0
"Вот мы и решили встретиться с нашими добрыми знакомыми в нестадионной обстановке. 1 Игорь Тер-Ованесян: — Пространство я научился побеждать, время — нет. Вот почему не всегда удается похозяйничать дома. А жаль! Люблю сходить на рынок, а то и самому приготовить обед. Правда, сварить вкусный суп не всегда удается с первой попытки, но ведь и в прыжках в длину не всегда с первой попытки приходит победа. [А. Бочинин, А. Колодный. Не спортом единым... // «Огонек». № 1, 1970]",1
"И.Е. Тамм в дневниках и письмах к Наталии Васильевне Игорь Евгеньевич утверждал, что формирование личности, мировосприятия и убеждений завершается очень рано. По его мнению, черты характера, моральные качества и основные интересы могут эволюционировать лишь в слабой степени, а главные, определяющие черты личности, раз сложившись, остаются неизменными в течение всей жизни. Безусловно, это утверждение было основано на осмыслении им собственной жизни. [А. В. Бялко, Н. В. Успенская. И. Е. Тамм в дневниках и письмах к Наталии Васильевне (1997)]",0
"В весьма недалёком будущем вода может стать предметом экспорта даже более ценным, чем нефть и газ в настоящее время. По прогнозам, к 2050 году около 2 млрд человек в 48 странах мира будут испытывать в ней острый недостаток. В 46 странах мира уже сейчас обеспеченность водой опустилась ниже критического уровня. И в нашей совсем не бедной стране качество и количество доступной человеку пресной воды неуклонно снижаются. Особенную же тревогу вызывает предполагаемое в ближайшее время изменение требований к её качеству в соответствии с Федеральным законом «О техническом регулировании». На вопросы редакции отвечает директор НИИ коммунального водоснабжения и очистки воды (НИИ КВОВ) Артём Вячеславович Гнипов. Беседу ведёт корреспондент журнала «Наука и жизнь» Максим Речмедин. [А. В. Гнипов, М. Речмедин. Питьевая вода? // «Наука и жизнь», 2009]",2
"Перекликаясь с этими давно минувшими днями, сталинградские тракторостроители взволнованно выразили на общем собрании патриотические чувства всех трудящихся следующими словами: «Двадцать лет назад в Сталинграде началось сооружение первенца сталинских пятилеток, вашего тракторного завода. Тогда вся страна к вам пришла на помощь. Благодаря этой всенародной поддержке, завод был построен в невиданно короткие сроки. Теперь мы, тракторозаводцы, считаем своим долгом, делом чести помочь строителям Сталинградской гидроэлектростанции». Во всех концах нашей страны люди считают своим долгом участвовать во всенародном движении за скорейший пуск энергетических гигантов, за досрочный ввод в эксплуатацию крупнейших в мире каналов, обводнительных и оросительных систем. Представители самых различных отраслей народного хозяйства — шахтеры, машиностроители, металлурги, нефтяники — едины в благородном стремлении внести достойный вклад в дело строительства коммунизма. [А. Дородников, Л. Сергеев. Для великих строек // «Техника - молодежи», 1951]",1
"Дубровский А., Константинов И.. «Главное — чтобы костюмчик сидел» В феврале 1953 года на завод № 918 в подмосковном Томилине поступил необычный заказ — изготовить скафандр и катапультирующуюся тележку для... собачек. Завод был организован в конце 1952 года на базе одного из корпусов Центрального склада Министерства авиационной промышленности и имел опытное конструкторское бюро и научно-исследовательский отдел. Там должны были заниматься разработкой и изготовлением высотных скафандров для пилотов реактивных истребителей и бомбардировщиков. Ныне это предприятие известно во всем мире под названием «НПП Звезда». [А. Дубровский, И. Константинов. «Главное — чтобы костюмчик сидел» // «Наука и жизнь», 2006]",0
"А. Жилина, А. Плешаков. Кто хозяин водоемов? Печать, телевизионные передачи, письма читателей вновь и вновь сообщают о многочисленных фактах нерадивого, хищнического отношения к природным богатствам страны, в частности к рекам, прудам, озерам, водохранилищам. Обычным стал также ведомственный подход к регулированию общественных отношений в любительском рыболовстве: игнорирование интересов миллионов рыболовов, необоснованные запреты, противоречащие друг другу установления, предписания, не имеющие под собой законной почвы. Журнал «Рыболов» в своих публикациях постоянно возвращается к этой теме. Анализ полученных редакцией критических материалов показывает, что читатели ждут ответов прежде всего на практические вопросы. [А. Жилина, А. Плешаков. Кто хозяин водоемов? // «Рыболов», 1990]",0
"А.И. Осипов, П. Пивкин. Разделяй и Властвуй — древний принцип По данным агентства ИНТЕРФАКС, за последние несколько лет в Москве, начиная со взрывов домов на улице Гурьянова, от террористических актов погибли 407 человек. Трагедия в Беслане унесла от 338 до 450 жизней, в том числе и детских, общая цифра пострадавших в Северной Осетии — 1221 человек. В этом списке не упоминается количество истерзанных и сломанных трагедией судеб, пролитых слёз и потерянных надежд. Не подсчитать и не взвесить всей боли, оставшейся в душе тех, кто навсегда потерял своих любимых и близких. Переживая события и встречаясь с очевидцами терактов, мы часто слышим вопрос — «За что?» или «В чём провинилась моя девятилетняя дочь, собранная по фрагментам после взрыва вагона метро? [А. И. Осипов, П. Пивкин. Разделяй и Властвуй ― древний принцип (2005)]",2
"Водоробы? Плазмоиды? Термофаги? Вот уже несколько десятилетий не утихают дискуссии между сторонниками и противниками изучения так называемых неопознанных летающих объектов. Дискуссии эти настолько остры, что их участники пока что не в состоянии даже выработать единой терминологии для определения самого феномена. Например, в тезисах докладов Томской школы-семинара за 1988 год встречаются такие названия, как «непериодические быстропротекающие явления в окружающей среде (НБЯ в ОС)», «аномальные явления (АЯ)», «НЛО — транспортные средства для перемещения гуманоидов», «неотождествленные атмосферные явления (НАЯ)» и другие. С конца сороковых годов очевидцами полетов необычных светящихся образований, а порой и неких загадочных объектов стали более пятидесяти тысяч людей. [А. Кузовкин, А. Семенов. Водоробы? Плазмоиды? Термофаги? // «Вокруг света», 1989]",0
"Хорошо известно, что ежегодный профилактический осмотр способствует раннему выявлению опухолей. Однако часто пациентки обращаются к врачу уже с явными признаками опухоли, а это затрудняет последующее лечение. Одна из причин — непонимание важности ранней диагностики заболевания. Сейчас ученые глубоко проникли в механизмы возникновения раковой клетки, хотя многое до сих пор неясно. Как и другие онкологические заболевания, рак молочной железы по-прежнему остается коварным и агрессивным. Поэтому любому человеку очень важно иметь представление о развитии этого заболевания: предупрежден, значит, вооружен. Откуда такая напасть? [А. Лушникова, Л. Любченко. Рак молочной железы — безнадежно или будем бороться? // «Наука и жизнь», 2007]",0
"Вы чувствуете это, гуляя по тенистым скверам, осматривая новые индустриальные районы, любуясь открывающейся с центральной площади панорамой Дона. И, конечно, вам бросятся на улицах в глаза необычные плакаты: «Нет места пьянству в городе Азове!» — Красноречивое утверждение! Это что, уже реальность или только желаемое? — спросил я Анну Лукиничну Матвееву. — Так сформулирован важный принцип нашей городской жизни. Конечно, нельзя сказать, что и прежде мы безразлично относились к пьянству. Планы хорошие составляли, меры против выпивох принимали. [А. Петров, А. Л. Матвеева. Прочный заслон // «Работница», 1980]",0
"ОТКРЫТОЕ ПИСЬМО ПРЕЗИДЕНТУ РОССИЙСКОЙ ФЕДЕРАЦИИ Б.Н. ЕЛЬЦИНУ. Господин Президент! Мы, члены Российской академии наук, работающие в ее Сибирском отделении, не можем не выразить своего решительного неприятия проводимой назначенным Вами правительством политики разрушения всей системы образования и науки России. Непосредственным поводом для этого письма стало чрезвычайное обстоятельство — сокрушительные для науки и образования предложения по урезанию финансирования, включенные в подготовленную правительством программу экономии государственных ресурсов. Если не допускать мысли о том, что ослабление этих важнейших государственных сфер ведется намеренно, то остается только предположить, что информация об их состоянии доводится до Вас в сильно искаженном виде. Видимо, не доходят до Вас и многочисленные письма, в которых ученые безуспешно бьют тревогу, пытаясь довести до руководства страны мрачное содержание «черной книги» науки, попавшей в мясорубку российских реформ последнего десятилетия. Мы вынуждены напомнить Вам, что за последние восемь лет реформ финансирование Российской академии наук снизилось в сопоставимых ценах в 7 раз. [А. С. Алексеев, Л. М Барков, В. В Болдырев. Открытое письмо президенту РФ (1998)]",2
"Вот такая печальная новость, которая сегодня пронзила все паблики Томска. Причина, почему случился инфаркт ― неизвестна. Очень жаль парня, будущий коллега.. Но в контексте этой новости хочу обратить внимание на важную проблему Сердечно-сосудистые заболевания молодеют! Немного ужаса: если у ребенка есть ожирение, то в стенках его сосудов происходят такие изменения на уровне биохимии и гистологии, которые ПРЕДРАСПОЛАГАЮТ к атеросклерозу даже при условии, если человек похудеет в будущем. Добавьте сюда то, что большинство свои пищевые привычки и образ жизни не поменяют и мы получим печальную статистику: поколение с ожирением будет жить на несколько лет меньше, чем мы. [Ангелина Синельникова. pediatr_sinelnikova (2023)]",2
"Паста с лососем, кедровыми орешками, чесноком и шпинатом Ингредиенты: Паста ригатони (или любая другая паста) — 200 г Лосось — 150 г Чеснок — 4 зуб. Орехи кедровые (жменя) Шпинат (замороженный или свежий ― я брала 1 кубик замороженного) Масло оливковое — 3 ст. л. Перец белый (молотый) Соль (морская с травами) Зелень (для украшения) Сыр пармезан (тертый, по желанию) Время приготовления: 15 минут Количество порций: 2 Приготовление: 1. Форель порезать большими кубиками. [vk (25.03.2012)]",0
"Друзья рад пригласить вас на сеансы стоунтерапии запись ведется по телефону 89061996677 на пер. Пионерский 3а «Студия авторского массажа». Стоунтерапия Лечение камнями – древнейший способ избавления от множества недугов. Хотя в нашей стране это относительно новый метод, известно, что упоминания о стоунтерапии в Индии найдены еще 5 тыс лет назад, а монахи Тибета используют камнетерапию более 2 тыс лет. Несмотря на то, что камни неподвижны, они несут в себе целительную информацию, т. к. считаются резервуарами, которые скопили в себе энергию земли. Камни используемые в стоунтерапии, содержат в себе сразу четыре стихии – воздух, воду, землю и огонь. Камни охотно делятся своими целебными свойствами и поэтому применяют для оздоровительного массажа, стоунтерапии. [vk (04.09.2015)]",1
"Автор: Вадим ДавыдовПрофанацияНедавно подслеповатая фемида Ресурсной Федерации порадовала наблюдателей очередным ярким решением, вызвавшим бурное оживление на форумах и в блогах: суд Новороссийска (почему не Бугульмы?! ) признал кулиевский перевод корана экстремистской литературой. Идиотам, разумеется, невдомёк, что подобные запреты борьбе с агрессивной исламской идеологией не помогают ни на йоту. Далее… [igni-ss. livejournal.com igni-ss (2013)]",2
"дорогие девушки (особенно ПФ МГЛУ). в последнее время многие из вас отчего-то вдруг решили, что я тут что-то вроде местного мейкап-гуру, и задавали вопросы про макияж, в основном, глаз, конечно. и я тут подумала, почему бы нам с вами не собираться иногда группками по интересам (человека по 3-4) и не заваливаться в какое-нибудь антикафе, где я бы с вами делилась всякими приемами и хитростями. поскольку соответствующего образования у меня нет, а есть только золотые руки и немного опыта, то я, конечно, не чувствую себя вправе брать за эти занятия плату, но если кому-то я вдруг открою дивный новый мир, и этот кто-то захочет меня немного возблагодарить, то я, конечно, против не буду. ,)) если кого-то это предложение заинтересовало, пишите в личку. с любовью, ваш местный мейкап-гуру, лол. p. s. да, если кому-то нужен визажист, тоже пишите, разберемся. p. p. s. а, да, репост как всегда приветствуется. [vk (27.12.2015)]",1
"Другой взгляд на историю Руси Война против России идёт уже очень давно и очень, очень успешно. Разумеется, не на полях сражений, где мы всех всегда били и очень больно, а там, где Запад всегда выигрывал и продолжает выигрывать — в информационных войнах. Основная цель — доказать обитателям нашей страны, что они есть тупое безмозглое быдло, даже не второсортное, а где-то 6-7 разряда, без прошлого и будущего. И уже практически доказал — даже авторы многих патриотических статей согласны с таким подходом целиком и полностью. Примеры? [vk (15.02.2016)]",2
"Если ты не едешь в Хогвартс, то Хогвартс едет к тебе! Уже в следующие выходные [club1489644| Школа Тренинга] создаст в Дубках атмосферу волшебства на своем мероприятии «Общагвартс» ― и поможет погрузиться в мир любимых книг, не выходя из стен родных Дубков! Мы уже доказали, что Дубки – это подмосковный филиал Хогвартса, сыграв в квиддич в конце сентября – пришла пора проверить это еще раз:) Что меня ждет? Ты сможешь поучаствовать в квесте на тему «Гарри Поттера», не выходя из стен родных Дубков. [vk (12.10.2015)]",1
"Чтение ее действует благотворно. Внуки очередной раз простужены, социализация в саду (по почину родителей) проходит трудно. *** 28 декабря. Ура! Сегодня в руках держу энциклопедию «Петр Аркадьевич Столыпин». Она вышла в двух вариантах (подарочном и обычном). Тот и другой одинаково красиво смотрятся. Полистал, вроде все хорошо. [В. В. Шелохаев. Дневник (2011)]",1
"Сиквел получился мрачнее, грязнее, но при этом эффектнее в плане экшена и спецэффектков. Много интересных персонажей, сексуальная возлюбленная вампирша Блэйда, прикольные вампиры-охотники во главе с Роном Перлманом. Кино по сути не превзошло оригинал, а самобытно и хорошо по себе, даже как самостоятельный фильм. Троица, к сожалению, — самый худший из всех и по сути он похоронил франчайз, который переродился в сериале, но Блэйд ТВ формат — уже не то. Хотя есть у ленты неплохие плюсы: во-первых, сексуальная Джессика Бил, забавный Рейнольдз, демоническая Паркер Поузи, и, пожалуй, все. Доминик Персел смотрится неуместно в роли Дракулы, экшен вяловат, Снайпс халтурно играет, как робот. По сути это очередное доказательство, что каждый должен заниматься своим делом, так что блестящий сценарист Гойер, он никакой режиссер. [Форум: Блэйд (трилогия) Blade (2008-2010)]",2
"""Дорогие друзья! Вот и наступили эти потрясающие праздники — Новый год и Рождество! Это время, когда мы вновь погружаемся в детство, с радостью ставим зеленую елку, распаковываем подарки и наслаждаемся фейерверком. Пусть Новый год принесет яркие впечатления, новые эмоци море радости и возможностей, а путешествия помогут разделить радостные моменты с близкими людьми Мы искренне благодарны, что в 2021 году более миллиона туристов доверили организацию своего отдыха нашей компании. [Мария Ершова. Блог о туризме (2021)]",1
"На улицах еще нет снега, но Новый Год уже совсем близко! А как приятно в это время приносить людям радость. В этот Новый Год команда Velono4 дает тебе возможность почувствовать себя дедом Морозом, Снегурочкой, Сантой, Йолло-пуки, эльфом, феей, оленем (нужное подчеркнуть)! Заполни анкету, оставь свои данные, мы подскажем тебе, кому остро необходим прилив радости и счастья! Выбери подарок и отправь его своему адресату. [vk (20.11.2014)]",1
"Наверное, этого я уже не боюсь. Невозможно противостоять тому, что нашу внутреннюю бесконечность живого я другие видят как ""автора длинного и бессмысленного"", или ""идиота без сдачи"", или ""программиста с ошибками"", или ""поэта с плохими рифмами"". Я боюсь, что там, после окончания белковой жизни будет то же самое. Какой-нибудь дежурный ангел сверится по базе данных, и… ""вот и всё, приплыли"" (с) [vk (13.01.2015)]",0
"Пусть близкие будут здоровы и счастливы! ⠀ Мы благодарим каждого из вас за выбор нашей кондитерской. И шлём праздничные поцелуи от всей нашей большой семьи Вариной мамы! 😍😍😍 Наконец, новогодняя суета накрыла весь город🎅🎅🎅 И если вы ещё думаете, что же подарить родным и близким, чем порадовать их за праздничным столом, то у нас есть отличная идея: 🎅 праздничные торты, стоимость 1200руб/ кг, вес от 1, 5 кг⠀ 🎅 набор капкейков и кейкпопсов-мандаринок, 550 руб/ коробочка⠀ 🎅 смесь для приготовления печенья ""Сделай сам"", 590 руб (только на Ломоносова) [ВАРИНА МАМА. Бизнес, коммерция, кухня (2019)]",1
"В свое время местные жители уверяли меня, что Череповец назван в честь черепа овцы, найденного на крутом берегу Шексны. Но главная официальная версия (есть и другие) увязывает название города со старославянским значением слова «череп» — «отдельно стоящий высокий и крутой холм». Раскопки подтверждают: поселение действительно возникло на крутом холме, нависающем над рекой, — он сохранился до сих пор и теперь называется Соборной горкой. Местность вокруг равнинная, гладкая, так что холм сразу бросается в глаза. Особенно если смотреть с реки, по которой с юга поднимались славяне торговать или грабить. А жило на «черепе» финно-угорское племя весь, поэтому славяне и прозвали это место «череповесь». Большая часть Череповца — это стандартная серая застройка советского времени. [Дмитрий Виноградов. Череповец // «Русский репортер», № 3 (33), 31 января - 7 февраля 2008]",0
"Приглашаем вас на открытие клуба! В программе ― презентация-введение в мир ролевых игр+ объяснение организационных моментов, а также два мастер-класса от каждой секции клуба (кабинетки и настолки). Опытные ролевики смогут оценить уровень клуба и узнать подробности его организации, а новички ― познакомиться с тем, что такое ролки и с чем их едят, в том числе на практике. Welcome! [vk (20.01.2015)]",0
"😁😝~ Третий способ: я стараюсь сейчас делать так, чтобы в доме всегда были живые цветы. Не поверите! Букет цветов в спальне или на кухне сразу поднимает настроение! ~ Заказала этот букет растрёпанных пахнущих полем ромашек в@ salita_ flowers и сразу жизнь наладилась🤗. Доставили до двери! 🌸 А по промокоду: CASAKATERINA ― вы можете заказывать здесь букеты с моей скидкой🤗🥰 ~ Ещё помогает немножко движения. [Екатерина Покусаева. Катя Покусаева Стилист (23.04.2020)]",1
"А сегодня я увидела и на нашей остановке… Достали! Злая я! Злая, потому что и думать не думала, что кто-то может клюнуть на такие объявления. Все же в здравом уме, правда? Все всё хорошо понимают. Но в прошлое воскресенье, когда была в провинции, встретила знакомую, которая рассказала, что сын ее польстился на такие деньги, взял кредит, оплатить в срок не смог, взял второй, чтобы покрыть первый, а потом взял и третий… [sikorka-tisa. blogspot.com sikorka-tisa (19.10.2013)]",2
"Но и на членов их семей, на всех тех, для кого катастрофа в небе будет не просто строчкой в газетных сообщениях. А будет чем-то личным и близким. Кроме того, несмотря на то, что авиация не является самым опасным видом транспорта – это только распространенный миф, катастрофы на железной дороге гораздо более часты – противодействовать терактам в авиации очень сложно. Меры безопасности в аэропортах уже близки к абсурдному пределу, скоро из-за проверок придется приезжать в аэропорт за 4-5 часов до рейса, чтобы пройти все необходимые рубежи проверок. Но даже это не обеспечивает полную безопасность. Авиация из всех видов транспорта наиболее уязвима. Кроме того, разрушение воздушного судна на высоте до 10 километров при скорости минимум 600 километров в час не оставляет шансов никому из находящихся на борту людей. [vk (27.05.2016)]",2
"Чернышевская). В Комете будет хорошо и вместе, и одному. Там будет небольшое кафе с меню дня и вкусным чаем, открытая кухня, где можно будет готовить блины на Масленицу, а также кабинет для работы с книжками, свободным интернентом и удобными личными зонами, который можно будет трансформировать в гостиную для чтений и вечеров. Мы думаем, на базе Кометы можно организовать также систему обмена книгами, спорт. инвентарем, а, возможно, и фонд помощи друг другу. Мы планируем издать книгу Катиных текстов. Нужна ваша помощь! Пишите нам, особенно если кто-то видел предложение аренды помещения и если есть идеи по функциям. [vk (02.12.2015)]",0
"Какое это великое дело – человеку иметь мир в себе. Мирный человек действительно очень счастлив, счастлив не сильный, богатый, прославленный, образованный, знаменитый, а тот человек, у которого мир в сердце. Что бы ни происходило вокруг него, Божий мир, превосходящий всякий ум, в нем, потому что Бог есть мир. Христос – это мир наш. Он наш мир, и когда Он в нас, тогда всё внутри нас пребывает в мире. [vk (18.04.2016)]",1
"4 февраля. Сейчас за постным столом смотрела-слушала по ТВ передачу «Плоды просвещения», посвященную Андрею Платонову с участием А. Битова и других. Сколько, на мой взгляд, велеречивого толкования этого писателя, пусть сильного пером и народным чувством, но нарочито косноязычного, большими порциями для чтения утомительного, возводимого чуть ли не в ранг Пушкина. И притом нет ни намека на его неразбериху в добре и зле, в неестественности сочетания ласковости с какой-то потаенной кровожадностью. И неэтично, и неэстетично. *** 21 февраля. [Г. А. Гальцева. Дневник (2004) // Рената Гальцева. Памятное. Разрозненные впечатления и заметки // Знамя. 2018. №5., 2018]",2
"Грачев проделал как раз то, в чем обвинял организаторов неудачного штурма 26 декабря. Сергей Адамович Ковалев с коллегами-депутатами остается в бункере осажденного президентского дворца, то есть вместе с Дудаевым. Когда и чем кончится этот позор? Убитых уже сотни — и с той, и с другой стороны. ТВ, пресса, к их чести, единодушны в осуждении этой преступной и бессмысленной акции... Конец эпохи Ельцина? Так начался год... [А. Б. Гребнев. Дневник (1995)]",2
"Олеша писал: «Я вспомнил: родительская спальня и я, мальчик, смотрю на меняющего рубашку отца. Мне было жаль его. Он уже не может быть красивым, знаменитым, он уже готов, закончен, уже ничем иным, кроме того, что он есть, он не может быть. Так думал я, жалея его и тихонько гордясь своим превосходством. А теперь я узнал в себе отца. Это не было сходство форм, — нет, нечто другое: я бы сказал — половое сходство: как бы семя отца я вдруг ощутил в себе, в своей субстанции. [А. Г. Евтушенко. Дневник (1991)]",0
"Компания подобралась очень дружная и голосистая: только я растянул аккордеон — как грянули «Казака», и потом орали весь вечер, дружно и чисто, на голоса, и я орал, дурак дураком, завелся, да так, что и закусить путем было некогда. Пришел домой пьяный, с чувством легкого голода, и тут же лег спать. Но повеселились хорошо. И о политике некогда и незачем было болтать. Специалисты в газетенке учат, как выжить в условиях инфляции. Много разговоров вокруг. Но, в конечном счете, речь идет о том, чтобы те, кто привык жить на халяву, поняли: мы не все равны. [В. В. Ершов. Дневник (1991) // Летные дневники. 1984-2002 годы / Проза.ru]",0
Признание в.... Ненавижу блин! oblomoff. Короче! Я ненавижу злодолбучих комаров!!! Говнистые долбоклюйные комары!!! Вот значит заснул ты и уже почти спишь!!! И тут ZZZZZZZZZZZZz...... да ещё мерзенько так!!! Так мало того! [Признание в.... Ненавижу блин! (форум) (2006-2007)],2
"Однако уже сегодня утром наших военных, сидящих в тбилисском узилище, отпустили. Все наши политические деятели выступили, оговорившись, что все они любят грузинский народ. Я тоже абстрактно люблю грузинский народ. Но я ненавижу чванливых молодых грузин, которые, ковыряя в зубах, рассматривают как надоевшую добычу русских женщин на пляжах, которые пренебрежительно разговаривают со слабыми на улицах, которые наглы и беззастенчивы на базарах. *** 3 октября. Вторник. [С. Н. Есин. Дневник (2006)]",2
"Мы счастливы! Едим! Наш кот Борзик, еле держится на лапах, кормиться ему нечем. Я ненавижу тех, кто сделал окружающий мир таким безысходным. Я ненавижу их, за мою поломанную юность! За невозможность все забыть и в нормальных условиях жить дальше. Да будут прокляты все сволочи в моей жизни! [П. В. Жеребцова. Дневник (2001)]",2
"9 октября. Среда. Делаю эту запись второй раз, В.C. включила на кухне чайник — и компьютер вырубился, пара последних страниц пропала. Кажется, я хорошо написал о своих тяготах жизни, об институте, ставшем мне ненавистным, о правительстве, которое не дает денег на культуру, а притворяется, что оно цивилизованное правительство, о наших преподавателях с замашками советских обывателей. Об этих двух назойливых и глупых бабах с заочки, c которыми идет постоянная и противная война, в которой мне не хочется пользоваться запрещенными приемами, а они пользуются. На что трачу время! Из записной книжки. [С. Н. Есин. Дневник (1996)]",2
"Многие на мой взгляд сыграли свои лучшие роли, а некоторые показали себя с совершенно новой стороны (Леонид Куравлев в роли Айсмана). Про актерский гений Тихонова, Броневого, Табакова, Евстигнеева сказано немало слов. но я также хотела бы отметить потрясающую игру Ростислава Плятта, Екатерины Градовой, Василия Ланового, Льва Дурова, Отто Меллиеса и Эмилии Мильтон (ее Фрау Заурих настолько трогательна в своей непосредственности — вспомнить хотя бы сцену игры в шахматы). Отдельное слово о диалогах. Как же я люблю диалоги! Особенно такие прекрасные, и в таком гениальном исполнении! Я ими наслаждаюсь, как музыкой! А интереснее всего смотреть на малейшие изменения мимики актеров — как крохотными нюансами меняется ощущение от милой дружеской беседы до смертельно опасной схватки. В общем, говорить об этом фильме можно очень много. [Форум: 17 мгновений весны (2005-2010)]",1
"[gureva_nastasya (жен)] Я люблю устраивать сюрпризы и, вообще, делать близким всякие приятности вот такая я милашка. И конечно же, моего любимого мужа это тоже не обошло стороной :) В прошлую среду, на Сашкин день рождения, я потащила его и еще пару друзей играть в новую (для нашего города) и ужасно интересную штуку под названием «Клаустрофобия». Ребят, это бомба! А если точнее, то это самый настоящий квест, только в офлайне! [А вы играли в «Клаустрофобию»? (2014.09)]",1
"И я поздравляю!!!! Пусть все желания исполятся!!! Evg, 2005.03.30 09: 08. Спасибо за поздравления, Антония! Мне очень приятно! : - ))) У Вас такие славные детки! И красивые имена и у Вас и у детей. Такие имена распространены в Болгарии? Evg, 2005.03.30 08: 56. [Беременность: Планирование беременности (форум) (2005)]",1
"Вот ты смог, я смог. А Коля этот, у него мечты нет! !! (с) Этот монолог Кости — особо любимый мной момент. Очень верные, емкие слова, несущие основную смысловую нагрузку всего фильма. Фильм бесподобен. Прекрасные актеры. Интересный сюжет. [Форум: комментарии к фильму «Все будет хорошо» (2008-2011)]",1
"[Анна С. (nick)] На некоторые вещи я просто не обращала внимания!.. Удивили мнения скептиков! В принципе, логично!.. [:]) Не углубляясь в моменты тюремной жизни (не сидела, не привлекалась, посему не в курсе), могу сказать, что я этот фильм люблю в первую очередь за ИСТОРИЮ, что заложена в основу! За мысли, что рождаются во время просмотра!.. За человеческие проявления в самых разных жизненных ситуациях!... За точные и даже наглядные, на мой взгляд, понятия: что есть свобода, а что всего лишь её иллюзия!.. [Форум: Обсуждение фильма «Побег из Шоушенка» (2009-2011)]",1
"Сколько мертвых! А сколько живых лишены права хотя бы выжить? На следующий день после инаугурации президента был объявлен некий стыдливо-анонимный день траура, в который мы не оплакивали ни одного конкретного человека, погибшего на этой бессмысленной, преступной, коммерческой войне. Я потрясен и изумлен нашей интеллигенцией, которая, как страус, прячет голову в песок. А выглянет — начинает говорить о Боге, вере, яблочном спасе, о Преображении Господнем. Глухота и немота овладели нами, раз мы не можем остановить военных, которые публично обсуждают вопрос бомбить людей сегодня или погодя. При нашем попустительстве властям мир может содрогнуться от слова «Грозный», как в годы второй мировой войны мир содрогнулся после Герники. [Л. А. Остерман. Дневник (1996)]",2
"hamasaka. Как ужасно... мы с папой ходили на занятия Бутейко. У нас была такая девочка в группе. Это ужас, как жалко их, и как меня бесит толпа зевак : ( 5659. Не то чтобы ужасно, скорее, неожиданно. Страшновато, конечно, и нервно. [Форум: Первая помощь при эпилептическом приступе (2008-2012)]",2
"А кто наоборот? А может, посплетничаем? ssvetlana. Ща как напишу =) Насчет Худякова ничего не могу сказать, т.к. вел он у нас только 2 пары. Я уже где-то говорила, что из-за написания конспекта по Ананьеву, я ненавижу Богданову. Очень понравился Мараев по философии, не то что Литвинский. Ненавижу наших преподов по матеши, что в первом семестре, что во втором... ужос, фтопку их. А вот те, кто ведет семинары по матеши, очень даже ничаво. [Давайте уже пообсуждаем преподавателей (форум) (2007)]",0
"Причем они начали говорить на высоких тонах. Потянув за рукав куртки Костина, я глазами позвал его на выход. Мы с ним потихоньку вышли из нашей 205-ой комнаты. Не люблю я таких окончаний застолья, когда они превращаются в пьянки. При этом присутствующие начинают выяснять отношения типа — “Ты меня уважаешь?”. Спешу закончить описание этого вечера. Оно мне самому неприятно. [В. И. Максимов. Дневник научного сотрудника (2003)]",2
"С недавних пор у меня вообще начался период разочарования в жизни... Я и учёбу забросил, хотя на первых курсах был, наверное, самым активным, тогда как сейчас отсижу на задней парте законные часы и рад тому. Я увидел ужасающее несовершенство мира — это следствие того, что я стал сложнее чем мир и поэтому смог охватить пониманием мир, смог выбраться из него и посмотреть со стороны. Я разочаровался прежде всего в людях, которые меня окружали всю мою жизнь. В государстве, в своём университете, во всех общественных институтах. Они предстают для меня как всего лишь жалкий компромисс. Всё абсурдно и очень глупо. [Искандер Шакиров. Дневник Ихтика (2002)]",2
"Пока он сидит дома и не работает вот уже несколько месяцев. По-человечески ее жаль. Но сколько она сделала мне пакостей, то ее уже давно можно ненавидеть. Однако ненависти у меня к ней нет. Я ненавижу в институте одного человека. Это Ковалевского. Она же его все время превозносит. Он выше всех нас на голову. Что поделаешь? [В. И. Максимов. Дневник научного сотрудника (2001)]",2
"[ne znatok (nick)] Магги в Курилке дала ссылку на интервью с Кронгаузом — [ссылка] За это я люблю Кронгауза — он всегда примиряет меня с самой собой. То, чем я только что возмущаюсь и от чего меня прям, как некоторые тут любят говорить, подташнивало, вдруг становится безобидным, абсолютно простительным и совершенно не заслуживащим тех громов и молний, которые еще только минуту назад хотелось метать. В этом смысле мне понравилась эта часть интервью:... «Падонкаффскую» грубость сменили другие тенденции. [Форум: Мимими. Исследуем живую речь (2011)]",1
"Нет единого общественного идеала, как на Западе. *** 8 октября. Записка в кармане убитого бандита: «Я ненавижу эту вонючую страну». Захватил детей-заложников, собирался бежать за рубеж по проторенной многими дорожке. Такие люди, перекати-поле, были всегда, но особенно расплодились в последнее время. Они падки на чужой хлеб, тепло и порядок. [И. А. Карпусь. Дневник (1993)]",2
"[Shade (жен)] А кол-во мест не резиновое, как известно. Из-за таких вот многие не могут поступить со своими честно заработанными баллами. Но до ума её никто не довел и, по-моему, не собираются. Меня бесят, если честно, такие вот эксперименты над детьми. Им надо ЕГЭ, а отдуваться за это должны дети. Учились 9-10 лет по обычной схеме, а потом за 1 год пытаются «натаскать» на тесты. Всё через одно место делается, как обычно, и это очень печально. [Форум: Ваше отношение к ЕГЭ? За или против (2005-2008)]",2
"Кстати, в моих поисках по Бессарабии мне также помогает уважаемый профессор Евгений Александрович Румянцев С уважением, Сергей Шурляков. Сергею Шурлякову: Уважаемый Сергей! Вы меня порадовали до умилительных слез! До чего мне приятно, что наши предки пересекались и по пьяному делу ссорились! Они живы в нашей памяти, и мы живы — цепочка тянется через века, это классно! Румянцеву — низкий поклон от меня! Большой души человек! [Д. Н. Каралис. Дневник (2006)]",1
"Послушайте, Мария! Я понимаю — вы здесь не живёте и Вам совершенно наплевать, какое чучело возвести на остановке Нижегородской! Мне же этот памятник будет мозолить глаза всю оставшуюся жизнь! Зачем вы злите меня, злите людей своим чучело-памятником?!",2
"И еще вопрос: влияет ли ваше отношение к качеству рекламных роликов на то, будете вы покупать то, что рекламируют, или нет? У меня иногда да: если реклама очень бесит, из принципа эту продукцию не покупаю. Rishka. Я люблю рекламу Мегафона и сока Добрый, прям такие нереально добрые рекламы. Не люблю «Съешь банан, спаси мир». )))) Будущая жена. Мне нравится реклама Газпром, «Мечты сбудутся». [Рекламные ролики на TV (2007)]",0
"Бесила раньше реклама Марса и Сникерса — они были так похожи! В итоге себя не оправдывали совершенно. Камня. А меня бесит реклама Икеи.... где дети говорят «скоро все изменится...» такую тоску наводит и напоминает какую-то страшилку... фу.... G. linK @ [А меня бесит реклама Икеи.... где дети говорят «скоро все изменится...» такую тоску наводит и напоминает какую-то страшилку... фу....] Да, ужасная реклама... «пора прощаться с прежним домом»... страшно так. Ксюю. [Рекламные ролики на TV (2007)]",2
"Тем не менее, еще раз можно посожалеть, что все это не прочел в свое время. Воспитание в литературе — это контекст и проникновение за контекст. Наверное, главное, что случилось в Иванове — я здесь впервые за многие последние годы прочувствовал приход весны. Как я балдею в этом городе, где среди многоэтажек целые улицы старинных дедовских домиков! По одной из них ежедневно 30 минут иду в больницу. Как постепенно выпрыскивает зелень, как меняются атмосфера и пейзаж. Какое немыслимое волшебство! [С. Н. Есин. Дневник (1991)]",1
"В голове моей формируется несколько путей, которые повлияют на будущее сына и нас. Сын только начал самостоятельно учиться, отнюдь не по школьной программе, а тут его опять будут оценивать. Спросила завуча, как сдали экзамены наши друзья, которые тоже учатся дома в той же школе, к которой приписаны мы. Завуч была просто в восторге от их знаний и меня порадовал ее настрой. Очень позитивный человек, с которым приятно работать. Пути решения рисуются следующие. 1. [Форум: Сдавать или не сдавать ― вот в чем вопрос? (2013.01)]",1
" Работать буду, несмотря ни на что. Я люблю свою работу, люблю детей, которых учу и никакая реформа не может этому помешать. ",1